	Ratings	Comments
19	Rated 2 stars out of five stars	Too many updates. This app alone is taking too much storage space. I for see having to delete the app.
22	Rated 1 stars out of five stars	"App said get 25% off my purchase. I get that my suit was on sale so the 25% wouldn't work on top of the sale but I figured it would be an equal trade since I've given the store the ability to take my money straight from my phone. Well check out time comes and they tried to add a tax to my purchase. ...
Full Review"
23	Rated 1 stars out of five stars	"a total waste of my time (& the associate who tried to help me). i have the app & try to use it to find something in the store & it's wrong. i try to scan a tag to check out & it won't enable itself. i try to use a code it says is for women's apparel (amoung other items) and it won't register - and ...
Full Review"
28	Rated 1 stars out of five stars	"Watch guys! I Dowwnloaded the app and did not get the 25%off for this first purchase online with the app as advertised. That is FALSE ADVERTISEMENT! Called online purchases customer service number and they said if I did not receive the email I cannot have the discount! ...rip off same as in the stor...
Full Review"
29	Rated 1 stars out of five stars	inputed first macys card in and no issues to pay or check balance. once card was upgraded it would not show any balance, or able to mqke payment.
31	Rated 1 stars out of five stars	"I downloaded the app because the website stated I would receive a 25% discount on my first purchase made in app....but once I downloaded the app and filled my bad and was ready to check out the discount wasnt available to me in my wallet! I decided to complete my purchase anyway because I had alread...
Full Review"
32	Rated 1 stars out of five stars	here we go again.. star rewards are constantly pending..called waited 20 mins. they said it would be fixed in a couple of days, that was 7 days ago. So the rewards are basically gone, if that's why you shop especially during double days...beware...no one is helping with this problem.
37	Rated 1 stars out of five stars	If you need to use the app to make payments on your credit card you're going to be disappointed. The last 3 times (months) I tried, the screen just goes blank. I loaded it specifically for this purpose because I can use fingerprint login. Very disappointing.
39	Rated 1 stars out of five stars	I downloaded the app so I could use the 25% off offer, but at checkout, it keeps giving me an error message to add a shipping address even though it's already in my account settings. Plus I was trying to do a pickup in store anyways so I don't know why the app is asking for a shipping address.
40	Rated 1 stars out of five stars	Promised 25% off disappears after signing up so this company is duping the public. I usually never get apps like these for shopping but I took a chance on this for the discount to see if I like it. only issue is that the discount never comes so they just want your info.
43	Rated 1 stars out of five stars	Stopped showing product images. I love the app, I use it a lot, but since February or March started having that problem and now I have to go to the web page. I uninstalled the app around 4 weeks ago and installed again today and the problem remains.
45	Rated 1 stars out of five stars	"The only reason I shop this app is that returns are easy and there are great sales. The app consistently fails to show the full descriptions and info of items; the info that is available for items is typically incomplete; i.e. no info on what type of material (is it stretch? who knows?)..I'm not mad...
Full Review"
48	Rated 1 stars out of five stars	"first of all Macy's is a joke I wonder what idiot comes with 25% off if you have the app and oh wait we get to choose on what merchandise you use the 25% off I mean this is a joke I have never been so disappointed. I'm going to take it off my phone immediately since you guys get to choose on what I ...
Full Review"
50	Rated 1 stars out of five stars	"New Update SUCKS! The latest update to MACY'S app is a Real Loser! When Im in Search Mode, I can see/view merchandise fine. But when I go to Description there's no photo. Especially annoying when there's multiple colors,ect. I CAN see pics of the item (usually) when I use Zoom feature, OR save it to...
Full Review"
52	Rated 1 stars out of five stars	like the other person said IT'S A JOKE I COULDN'T USE MY 25% OFF PROMOIONAL CODE EITHER ON WHAT I WANTED TO USE IT ON I EVEN CALLED CUSTOMER SERVICE TO NO EVAIL NO HELP!!! I UNINSTALLED THIER APP ALSO!! I WILL DO MY BUISINESS ELSWHERE WHERE THE CUSTOMER COMES FIRST!!! UNSATISFIED FORMER CUSTOMER!!!
53	Rated 1 stars out of five stars	since updating there are no product photos, I cant enter promos, descriptions are cut off, cant see past purchases, freezes.... generally sucks! ive uninstalled and reinstalled 4 times to no avail. Tech support was kabob salesman giving advice from a book as his second job! ðŸ˜
57	Rated 2 stars out of five stars	very inconsistent. can do price checks but sometimes even the price is not accurate to with the store price is. always having to close the app or it will force close itself. needs a lot of work. able to check my card balance but that's about the best thing about it.
59	Rated 1 stars out of five stars	its better to go to their website to order. This app is not working properly. I forgot my password so I put in my sign in account ( correctly) and click on ' forgot password'. I never get sent any email to reset my password. This is my third and last attempt.
60	Rated 1 stars out of five stars	All smoke & mirrors. They offer you 25% off with your first app order but there are so many excluded items that the only things you'll get 25% off of is some really obscure full priced items. Uninstalling app.
61	Rated 1 stars out of five stars	spam and more spam. This app sends you so much advertising that Im going to delete it after this review. Btw I set it not to send me emails and I got even more. lol
65	Rated 1 stars out of five stars	This app is now useless, I can select filters on the app but there is no was to apply them. The only was to shop for men is to page through EVERY men's product. Really?!
69	Rated 2 stars out of five stars	"I can't remember the last time I was actually able to purchase via app. Missing information? The app didn't flag what info was missing! Phone number in incorrect format? The app auto-formatted the phone number! Address Line 1 missing? This is store pickup... And my details are on file! Also tried to...
Full Review"
72	Rated 1 stars out of five stars	how is it possible that I had to create an account through the Macy's app for the 25% off they're offering but now I can't receive the discount because they said I've used this app before when I haven't. compete b.s.
74	Rated 2 stars out of five stars	"shopping shouldn't be time consuming when you know what you want. This app needs more filters. I want to type in the search box and find specifically what I want. Searching through your entire sales & clearance will have most consumers close the app. We need more coupons and discounts most important...
Full Review"
76	Rated 1 stars out of five stars	Since the newest update, cant see any pictures in the app. I have installed and uninstalled mutiple times, still same result. I have an andriod phone. Very frustrating.
78	Rated 1 stars out of five stars	The app is the worst. when i try to make payments it never allows me to enter amounts. when i try to look at a product in detail the picture never shows up.
84	Rated 1 stars out of five stars	: this is the worst app freezes up all the time right now been trying to download update and it's not doing anything, i have been trying up data this app my for two days now and its still on 35%
90	Rated 1 stars out of five stars	"their customer service has fallen short each year it gets worse and worse... missing item, sometimes they cancel my item. And the replacement doesn't even happen .. i mean hello... your standard is si low that Target and Walmart beats you in every turn and that is why I am no longer going to be a me...
Full Review"
94	Rated 1 stars out of five stars	I updated this app, and now the images for the items won't load. How am I suppose to purchase anything? It also does not help that I can't use your website on my mobile device because it insists that I use your bugged out app.
103	Rated 1 stars out of five stars	"TERRIBLE! This app doesn't deserve any stars. From day one I haven't been able to sign in or create account. I keep getting ""we're experiencing technical difficulties try again later"""
105	Rated 1 stars out of five stars	omg this app was sooo slow, too slow. I couldnt even complete my purchase. Also it didnt even give me my 25% coupon.
110	Rated 1 stars out of five stars	"Macy's advertised that if I downloaded the app I would receive an extra 25 percent off. I never received it. I called Macys, I was told I would receive a coupon with 48 hours. I never received it. I find the app useless, and never would have downloaded the app without the special offer. I feel as if...
Full Review"
112	Rated 1 stars out of five stars	i used to use the app to check prices while shopping in the store i stead of constantly running to the price scanners. Now it just spins or tells me products that I am holding in my hand is not available at the store
115	Rated 2 stars out of five stars	Bracelet arrived damaged, I don't have the time to return it, so just not shopping jewlery from Macy's anymore. This is not the first time either.
119	Rated 2 stars out of five stars	app is always freezing up. the description and the pictures 50% of the time are not there/ visible. I love Macy's but this app makes it so frustrating to shop that I don't shop. I take my business elsewhere. fix your app Macy if you want to stay in business
121	Rated 2 stars out of five stars	I used this app successfully until recently. When selecting a product now the pictures do NOT load. Have uninstalled & reinstalled but still issue.
122	Rated 2 stars out of five stars	Of the 5 pair of shoes I bought, 4 had to be returned because, (They were used) they had the nerve to send to me someone else's return........ Scuff Marks, Wrinkles, one pair even had the wrong colored Polish from which they tried to clean up.
123	Rated 1 stars out of five stars	Macys wants their shopper to use their app. It's not my choice to download it but ......the app is very slow and I get logged out while using it.
124	Rated 1 stars out of five stars	Super shaded that this app gets blocked by my VPN, and then when I turn my VPN off it just errors out with a network error.
126	Rated 1 stars out of five stars	Changing my review to one star. App will no longer load after update. multiple issues trying to pay the credit card in the app eleven if you somehow get it to work. uninstall and reinstall does nothing. I'm using a Samsung galaxy s6
128	Rated 2 stars out of five stars	Was a great app until last update! The app will not open. The latest update does not fix the issue.
129	Rated 1 stars out of five stars	This app does not work very well it always stop in the middle of me trying to shop I can't view what I am trying to buy this app shows me nothing please fix so I can shop thanks
131	Rated 1 stars out of five stars	"Terrible app! loaded up my cart, tried to pay.....wouldn't save CC #. had to keep inputting over and over! Then wouldn't save gift card #! finally closed & reopened and tried to process, CC was declined.....plenty of $, all info correct! OH! and now I get to redo the gift card AGAIN! I will buy my $...
Full Review"
137	Rated 2 stars out of five stars	my app hasn't worked in days nor am I able to access the website . missing the recent sales
140	Rated 1 stars out of five stars	App is really glitchy, doesn't work consistently in store. Also pictutes of products don't load most of the time. Pretty useless app. Macy's also doesn't respond to support emails.
144	Rated 1 stars out of five stars	worst service ever.. can't get my reward money. worst app ever. everything is fake. none coupons are working. if you call them they said system error cant help. Macy's differentiate between member customer and non member customer.
149	Rated 1 stars out of five stars	Horrible. Liars! they say 25 percent off your purchase by creating an account and when you are about to pay you can't use the 25 percent.
151	Rated 1 stars out of five stars	this app is horrible as much as a customer service! credit card balances ate not updated, some transactions are not listed, super confusing and poorly made
156	Rated 2 stars out of five stars	Pictures still don't display for items while browsing and in orders. Everything else is super slow to load. The app was great months ago, making it easy to shop frequently. I haven't been able to use it in a couple of months.
167	Rated 2 stars out of five stars	I made an online purchase before I downloaded the app. There is nowhere in the app (that I've found) to enter an order number to track its progress.
182	Rated 1 stars out of five stars	why the app does not show product images anymore, soo frustrating.... can someone look into this n fix it?
183	Rated 1 stars out of five stars	sick of the forced updates. i only have the app so i can pay my bill easily and its a hassle to have to update almost every month when i open it to do that
184	Rated 1 stars out of five stars	the app barely lets me do anything before glitching and shutting down. very irritating.
186	Rated 1 stars out of five stars	it was working but the past 3 updates made it crash everytime Ive opened the app. please fix this soon. i miss using the app so much.
189	Rated 2 stars out of five stars	The site seems like it has some glitches in it! Seems like there's a bug on the site... please fix..
203	Rated 1 stars out of five stars	Shopping by email is very convenient ðŸ‘. It gives you an advantage of making your selections without entering the store.
204	Rated 2 stars out of five stars	I hate this app's credit card section. It never works at once. I am pretty sure Macy's have enough money to spend on IT folks, let them fix it.
210	Rated 2 stars out of five stars	Does not work like online. search is difficult. App keeps freezing!
215	Rated 1 stars out of five stars	Worked great before. Just keeps crashing every time I try logging into my account.
217	Rated 1 stars out of five stars	I downloaded the app because of an offer of an additional 25% off first purchase through the app and I did not receive it!
219	Rated 1 stars out of five stars	i don't know why they changed sharing options for android use to.i can share links on WhatsApp with friends very easily but i can't now on Samsung galaxy..very disappointed..
226	Rated 1 stars out of five stars	terrible! I am unable to make a purchase!!!
243	Rated 1 stars out of five stars	keep crashing especially when you try to open your account has been going on for over a month
248	Rated 1 stars out of five stars	Once you click on and item to see details, pictures don't display. Also can't see pictures once you place an item in the shopping cart.
250	Rated 1 stars out of five stars	This app is bad guys. Being Macy's and have such a poor quality product....I have no comments.
254	Rated 2 stars out of five stars	I don't know if it's the new update or not but pictures do not show when I try to view an item.
257	Rated 2 stars out of five stars	App was working well unti recent update now i can t see the pictures of any item on the app whicj now makes it of no use to me
263	Rated 2 stars out of five stars	since the update this app has been falling apart i cannot check my statements or make a payment it's very irritating.
269	Rated 2 stars out of five stars	The app is not displaying correctly. I've uninstalled and reinstalled to no affect. items don't display - just a gray Macy's star.
276	Rated 2 stars out of five stars	I love shopping at macys. But, their app sucks. The main complaint I have is I can not filter by any category...which is strange for a big store site
287	Rated 2 stars out of five stars	Slow, freezes constantly, basically non-existent search function.
288	Rated 1 stars out of five stars	constantly crashing! I am unable to complete an order. I downloaded this app a while ago and it seems like there are constantly problems with it.
292	Rated 1 stars out of five stars	App does not let me login. I went to site to pay bill but login isn't working there as well.
296	Rated 2 stars out of five stars	its slow and crashes most of the time; im guessing because they have so much inventory.
301	Rated 1 stars out of five stars	App keeps crashing when I try to buy things. Cannot check the Macy's credit card either.
302	Rated 1 stars out of five stars	I love the BibleðŸ˜â¤appðŸ˜â¤, especially the verse of the day and their bible plans!!!
313	Rated 1 stars out of five stars	amazon offers 1 day delivery. my order is taking 7 days from you guys. this is terrible service no wonder Amazon is killing the retail market.
315	Rated 2 stars out of five stars	Everytime I try and place an order I get we're experiencing technical difficulties message. ðŸ˜
320	Rated 1 stars out of five stars	will not work. have installed and uninstalled several times!!!
322	Rated 1 stars out of five stars	shows no images, unistalled and forced stopped but to NO avail. Macys needs to fix issue asap!!!
327	Rated 1 stars out of five stars	app keeps crashing for nearly 2 weeks now. after various re installs
333	Rated 2 stars out of five stars	doesnt find correct location, doesnt load all products. website isnt much better but this is horrible
336	Rated 1 stars out of five stars	I can't add my credit card to my macy's app. I can't keep track of how much I have left on my Macy's card and my minimum montly payment. I don't know when is my due date for my Macy's credit card monthly payment. Macy's need to revamp this whole app. Sincerely,
339	Rated 1 stars out of five stars	the app is not good, always off when you're checking Macy card. smh
349	Rated 2 stars out of five stars	Too many alerts. Uninstalling I'll use website when i need something.
350	Rated 1 stars out of five stars	I prefer using the website vs the mobile app because I can't empty my shopping cart because of a erro message..
360	Rated 1 stars out of five stars	trying to make a payment and the app wont work. horrible!!!
362	Rated 1 stars out of five stars	App does not let me do store mode and pay. Doesn't let me remove stuff from my basket, so cannot do online order too.
370	Rated 1 stars out of five stars	bunch of liars. Installed it and didnt approve any codes for installation. Who needs macys anyway ðŸ‘‹
410	Rated 2 stars out of five stars	just use the website. app IS NOT UP TO MACY'S STANDARDS NOR MY OWN. 2â˜† cuz I adore Macy's as a whole
428	Rated 1 stars out of five stars	forcing to update for better features? really?
438	Rated 1 stars out of five stars	25% if u downloaded their app but nothing.No discount at all beware...
439	Rated 1 stars out of five stars	Never work correctly! Always telling me to update and then not updating!
445	Rated 1 stars out of five stars	unable to log in for 2 days. when I was in I was unable to empty my cart
452	Rated 1 stars out of five stars	25% off first app order?! NOT!
457	Rated 1 stars out of five stars	Congrats on updating your app! It.is now COMPLETELY USELESS for scanning items in store.
461	Rated 1 stars out of five stars	Lured me with the promise of a first purchase coupon - but none applied - uninstalling
462	Rated 1 stars out of five stars	when i try to check out the app states that i have to call.
467	Rated 1 stars out of five stars	New update horrible, there is no pictures of the items.
491	Rated 1 stars out of five stars	you cannot cancel an order after it was placed or modify it.
504	Rated 1 stars out of five stars	bad user experience.. to many technical glitches
532	Rated 2 stars out of five stars	From 5 stars to 2 Stars. I have been using this app for years, never had a problem. I love this app. But since the most recent update I can no longer see the item in the thumbnail when I click on it. I cannot cycle through color options or get a true visual on how the item looks.
546	Rated 2 stars out of five stars	"I literally JUST registered on the app and the INSTANT I tap on the ""Shop"" icon I get prompted to rate the app?!?!?... Would be nice if I could use it for more than the time it takes to tap a single button. Now my very first experience is getting annoyed! NOT A GOOD START! This will likely impact/sk...
Full Review"
547	Rated 1 stars out of five stars	Great concept, but it doesnt work. Tried scanning items to price, got the message that there was a problem, try sgain. Tried scanning to purchase, said there was a problem and to try again. After several attempts, just gave up. :-(
551	Rated 2 stars out of five stars	if I open the app they give you a discount but its not true
555	Rated 1 stars out of five stars	update Not working. unable to install so interfering with my shopping
558	Rated 1 stars out of five stars	can't look for a dress with all the bs on here!
559	Rated 1 stars out of five stars	IN STORE I DON'T SEE THIS FROM THIS APP! I AM NOT A CREDIT CARD SHOPPER! HENCE THIS APP IS DEFINITELY NOT SUITED FOR MY LIFESTYLE. when I bought my mattress for $900.00 cash I had to wait. Delivery took too long! HENCE MY DECISION TO REMOVE THIS APP AND BLOCK EMAILS AS WELL. NOTHING HAS CHANGED!
587	Rated 2 stars out of five stars	"Not so good since the update.. Since the March 1st update I haven't been able to see the clothing without clicking on the item twice which is basically using the zoom screen. This is very annoying and, to be honest, I haven't been using the app much since this has been taking place. Please fix whate...
Full Review"
592	Rated 2 stars out of five stars	Everytime I start browsing it shows some items and then stops, so if it's suppose to display a 100 it only shows 30 and it won't scroll down anymore, it does it every time. It's annoying!
601	Rated 1 stars out of five stars	right now I cant shop since app insisting on updating...all day long
602	Rated 1 stars out of five stars	"This is the worst app ever. Everytime I try to order an item using this app, it never functions. I always encounter a problem, specifically there seems to be a problem with the contact number field. Maybe Macy's should invest in upgrading their app to make it convenient for customers to purchase onl...
Full Review"
609	Rated 1 stars out of five stars	Not easy to return items, ive just been searching throughout the app trying to find an easy way to print a return label... im still looking. It almost seems they want people to get frustrated and give up on trying. i also called the 800 number and waited for 20 min before i gave up there too.
621	Rated 1 stars out of five stars	"New update made everything to upload very slow to not uploading at all where you get a blank screen for product information. When opening the app there is no sale of the day with promo code. I use this app for work with customers and it kind of sucks that I can not provide the customer with the serv...
Full Review"
623	Rated 2 stars out of five stars	"the pictures dont load at all on my phone. i must always enlarge the picture to see it... i place things in my bag and when i go to see it, my bag is empty ðŸ™ƒ. these small things irritate me, and frankly the website runs better than the app. i was excited for this but unfortunately I am quite disapp...
Full Review"
630	Rated 1 stars out of five stars	Authentication is buggy. Can login on website but not app.
633	Rated 1 stars out of five stars	Whenever I tap on an item the picture doesn't load...ever... I have uninstalled and reinstalled the app several times and no change. I am about to uninstall and reinstall once more. Somebody needs to fix this app. p.s. I have a Samsung Galaxy S9+ so it's not my phone.
640	Rated 1 stars out of five stars	Downloaded App because Macy's said we'd get 25 percent off our first order. We didn't. Just like none of their coupon codes ever work. I feel like I was just punked again for the 5th time in a row by Macy's. Apparently Macy's is a liar. Going to uninstall and start shopping at JC Penney
641	Rated 1 stars out of five stars	love the app so far. Update: Since I reviewed this app it's super annoying because now some of the images aren't appearing. It's horrible now, I change to 0 stars if I could. Fix it please I've never had a problem until now.
646	Rated 1 stars out of five stars	"This app is a waste of time. It never filters correctly, it won't tell what's actually in stock in your store altho it says it will & now tonight they text me re: a 6 hr flash sale but it won't add anything to my cart due to a ""technical error"". But it's just in that section! Go into any other page ...
Full Review"
650	Rated 1 stars out of five stars	download it for the 25% discount and didn't get it at all.
679	Rated 1 stars out of five stars	apps sucks. it doesnt let u share product on whatsapp.
680	Rated 1 stars out of five stars	I have to reset my password EVERY time I want to pay my bill. terrible.
685	Rated 1 stars out of five stars	"You Will Most Likely Receive The Wrong Item! I ordered a white asymmetrical belted coat, and received an ugly black jumper. The worst part, is the UPC code for the white coat, was the same as the UPC on the ugle black jumper. Was looking forward to weariing the coat, and am now super disappointed. T...
Full Review"
698	Rated 1 stars out of five stars	The app is horrible to use. I added few items in bag. but it doesn't let me view the bag and I can't check out. So regret to download the app. very horrible experience.
719	Rated 1 stars out of five stars	it was great but it stopped showing images recently
740	Rated 1 stars out of five stars	Not being able to see the pictures of the items is really saving me a lot of money. I am a faithful shopper of Macy's online. I hope you guys get this problem fixed soon.
741	Rated 2 stars out of five stars	"I used to love it for yrs but for awhile know when you try to read description of item it doesnt go down enough to read the whole thing alot of the time. also to look at your on line purchase orders you cant open but the last one . iv tried deleting and reinstalling and made no difference. also the ...
Full Review"
748	Rated 1 stars out of five stars	Too many postings of merchandise l'm not interested in
749	Rated 1 stars out of five stars	Very unfriendly. To open a monthly ststement, is impossible. I mainly use this app to make payments and that's a struggle. If you want to get aggrevated; by all means; download this app.
753	Rated 1 stars out of five stars	I'm upset because I didn't intend to have auto pay take out $54.from my checking account I don't know what happened but it caused me to be over drawn in my account and charged fees I did not expect this to happen
761	Rated 1 stars out of five stars	constant update, it's annoying.
762	Rated 1 stars out of five stars	"I'm standing under the flickering florescent lights in a mostly vacant Macy's. The one staff person I find has no idea how to add things to a wedding registry. ""We used to have a scanner,"" she says wistfully. I think, ""Oh, the app!"" I open it. I give it camera permissions. I give it location permiss...
Full Review"
765	Rated 1 stars out of five stars	The app is always freezing, and giving me errors. I try to log in to pay my credit card, and it never logs in. It confirms my fingerprint, but never goes past the log in screen. Very inconvenient. please fix this.
766	Rated 1 stars out of five stars	crashes EVERY time I try to launch the app. Hey Macy's, how do you expect to have any customer retention if we can't launch your junk app?
772	Rated 1 stars out of five stars	It's cost a lot of app size Lower the app size please
774	Rated 1 stars out of five stars	Ordered five times but delivered to wrong address twice. Need to wait 7-10 business days to receive proof of delivery in mail prior to dispute the shipment. Macy's shipping carrier UPS is unreliable.
783	Rated 1 stars out of five stars	This app is a joke. I have never, not once, been able to log into my CC account. It's just a constant loop of waiting for a successful log in which NEVER works.
793	Rated 2 stars out of five stars	"often i go to my bag and it says empty when it certainly is not. i keep a copy of my bag items on my list for if i don't when this happens I've lost all my merchandise. Also i cant completely join into your â­benefits because i want store my Macys credit card on your system. The ðŸŒŸ program will not l...
Full Review"
794	Rated 1 stars out of five stars	update ruined my experience. Imagine if you could not view the product you want to purchase or unresponsive app. fix this please.
806	Rated 1 stars out of five stars	Still a rotten app. It will not load. Constant problem. The good news is I'm saving money since I can't use the app.
812	Rated 1 stars out of five stars	never got my 25% off for downloading the app
817	Rated 2 stars out of five stars	has been kicking me out of the app when i try to check out
825	Rated 1 stars out of five stars	horrible I cant check out. it keeps saying error enter shipping address and I have. even tried a different address and it wont work.
828	Rated 2 stars out of five stars	why the app is not showing product images???
838	Rated 1 stars out of five stars	accessing your account is awful. the app doesn't have the capability and when you to update your card in the system it says you need a new card..?
839	Rated 1 stars out of five stars	Not able to get into settings in the app. I get notifications, but can't turn them off. Deleting app.
844	Rated 1 stars out of five stars	It sucks after the update. If you guys wants Customers to keep shopping with the app, then you better fix it. Can't view selected products for closer inspection
849	Rated 2 stars out of five stars	The website on my phone would not accept my security code from credit card. i had to use my tablet to get it to process.
866	Rated 1 stars out of five stars	Every time I try to access the credit card, Star rewards or purchase history sections, the app crashes. It's been happening for weeks.
872	Rated 1 stars out of five stars	Can't pay my bill on the app. it won't click on the account. Freezes alot. Need an update fast
881	Rated 2 stars out of five stars	Even though I was in Macy's the app wouldn't let me scan and pay for my items. It said I had to be in a Macy's store and I was.
887	Rated 2 stars out of five stars	App worked fine until latest update. Now it keeps closing when I try to order or look at my recent orders.
890	Rated 1 stars out of five stars	App keeps crashing. Useless.
895	Rated 1 stars out of five stars	"Wow. ""25% off when using the app for your first purchase"" then you tell me the Over priced watch doesn't qualify. OK. fu-Q then F4gg0ts."
899	Rated 1 stars out of five stars	"The Macy's app does not work. I get no result when I search for merchandise Macy's sells. Their ""technical difficulty"" is the norm rather than the exception! ðŸ˜ "
900	Rated 1 stars out of five stars	App freezes and can't remive stuff from bag. I've been trying to buy some items, some of which are now out of stock, but keep getting an error message when trying to remove them from the bag. App has gotten worse over time.
901	Rated 1 stars out of five stars	I would love to place an order, but app doesnt work....trying for two days now. Doesnt open
903	Rated 2 stars out of five stars	the ap is constantly freezing up.
907	Rated 2 stars out of five stars	Not the best.. and their site linked to the credit card is terrible. its confusing and not easy to see your summary of charges or retrieve information. by far one of the worst shopping/ bill pay ever
913	Rated 1 stars out of five stars	Won't take my address at all. There are more than 35 characters on my address line so I guess ordering from Macy's is impossible. You lost a good order guys.
916	Rated 1 stars out of five stars	horrible again. I had this issue for Christmas shopping on Instagram, and app. I entered in 3 valid credit cards with available balances and it said all were invalid. I won't shop here again. I did like your instore pickup.
918	Rated 1 stars out of five stars	Can't see the pictures of items.
930	Rated 2 stars out of five stars	The app is not working properly. There are no pictures to preview and I can't access my lists. Please fix this glitch. I love my Macy's app ðŸ˜­
935	Rated 2 stars out of five stars	incredibly buggy and constantly needing updates but updates don't help. it's the worst way to keep track of your Macy's card
937	Rated 1 stars out of five stars	tried so many times to log in & doesnt recognize my password, then I'm sent to change my password but I cant because the robo recognition letters never pop up. three days later, I have a late payment fee and still no luck signing in. up next, an obligated phone call.
951	Rated 2 stars out of five stars	The app crashes at a lot of times and shows an error and very slow pretty much all the time. The developers needs to fix the lagging and performance issues.
958	Rated 1 stars out of five stars	new update does not let you see the image of items unless you click on it . annoying! fix it please
962	Rated 1 stars out of five stars	Product description is incomplete, and the app doesn't let me scroll down to read description all the way to the end.
967	Rated 1 stars out of five stars	This app upgrade prevents you from seeing the item when selected. Give me the old app!
969	Rated 1 stars out of five stars	Misleading. I downloaded their app because of the advertised discount and although I've never purchased anything on the app before, it still said I was ineligible and wasted my time.
971	Rated 1 stars out of five stars	great app until the update a few days ago. Now it crashes every time I try to open it on my tablet.
975	Rated 1 stars out of five stars	always a problem signing in on app. says password wrong, yet if i go to web, there's no problem signing in with same password
979	Rated 1 stars out of five stars	Sometimes order has canceled even though you paid for it, and thats the worse part. They say product is not available when you call them.
991	Rated 1 stars out of five stars	Items placed in bag don't show in bag. App is useless if I can't purchase anything. Uninstalled
1006	Rated 2 stars out of five stars	I've had to uninstall and reinstall a few times in the last few months because it crashes. I continue to use it just to manage my credit card but it is frustrating.
1013	Rated 1 stars out of five stars	Told to install this App to reset my Macy's shopping account password and it has nothing to do with it. Please add this feature. It recognizes I have an account but cannot use it to reset the password.
1015	Rated 2 stars out of five stars	Earlier app was better with no issues, but now when you open it you can see the deals . once you select particular item that pic will open blank and you have to click on blank pic to see the item it's really time consuming!
1025	Rated 1 stars out of five stars	Since update app doesn't show pictures on homepage. Have to click on star to actually see what items look like.
1026	Rated 2 stars out of five stars	this week's update is not so good, picture is not coming up unless you tap to enlarge it. Not helpful at all.
1029	Rated 1 stars out of five stars	images not showing up for months now. tried reinstalling and even switched phones.
1033	Rated 2 stars out of five stars	i didnt like it at all im trying to find these sneakers that are all over Facebook and i down load this app and no luck so kindly tell me how and were to find these nike air 97 cause i cand find them anywhere to purchase
1039	Rated 2 stars out of five stars	Pictures of items do not display unless you click on each to zoom... Never had this issue before, please fix it.
1040	Rated 2 stars out of five stars	This app is very hard to maneuver around. I've been shopping a lot at Macy's online, but had so much difficulty going from the 1st page to items I would like to consider
1060	Rated 2 stars out of five stars	search is not good!!!
1062	Rated 2 stars out of five stars	Ever since last update i'm not able to see pics of items that i search or are interested in buying... please fix!!!
1066	Rated 1 stars out of five stars	For about 4 days, everytime I signed into the app to look at my account, I got kicked out.
1067	Rated 1 stars out of five stars	to hard to use coupons. i don't want to store my cc number on app.
1070	Rated 2 stars out of five stars	Able to view images initially after search but once you click on a product your unable to see anything. It's difficult to shop online when you can't see image options.
1080	Rated 1 stars out of five stars	Totally annoying that every time you turn around this app has to be updated!!
1103	Rated 2 stars out of five stars	Way too many updates & it runs slow
1104	Rated 1 stars out of five stars	app is terrible always tells me my password is invalid. if it does not work properly im going to cancel my credit card.
1108	Rated 1 stars out of five stars	Checkout is tedious and not user friendly.
1140	Rated 1 stars out of five stars	Worst app ever... can't login to my account or shop for anything.
1166	Rated 1 stars out of five stars	App is super slow. PayPal doesnt work. Charged me twice even though it daid the order didnt go though. Never applied my gift card.
1170	Rated 1 stars out of five stars	super slow, and logs me out
1177	Rated 1 stars out of five stars	Consistent technical issues!
1196	Rated 1 stars out of five stars	Same issue as other users since update with pictures not loading. Very frustrating!
1220	Rated 2 stars out of five stars	Was supposed to have received 25 % off first purchase through app. Didn't happen
1224	Rated 1 stars out of five stars	cant pay bills online with store card come on Macy's get out of the dark ages!
1230	Rated 1 stars out of five stars	not user-friendly enough. difficulty to create an account
1231	Rated 1 stars out of five stars	The app is horrible very difficult to use and also im not getting credit for my star rewards
1233	Rated 1 stars out of five stars	Ad said get 25 Percent off after downloading the app but.......I didnt get it. this is typical of Macy's customer service lately. It's just terrible
1242	Rated 1 stars out of five stars	they slow that's why cut workers... I go Macy's all the time I can't found person to help.... just wait and wait and wait and give up!!
1244	Rated 2 stars out of five stars	terrible pop up disrupted my shopping
1265	Rated 1 stars out of five stars	horrible..when there is an update..it does not work.
1267	Rated 2 stars out of five stars	always stops working
1291	Rated 1 stars out of five stars	SICK OF NEEDING TO UP DATE EVERY TIME I GET ON THE APP!!!
1300	Rated 1 stars out of five stars	no way to contact customer service with non-order issues.
1309	Rated 1 stars out of five stars	Can not see the pictures on my registry! Inconvenient! The app should make things easier, not harder
1314	Rated 1 stars out of five stars	I never got a 25% off coupon and this is my first time ever installing the app
1319	Rated 1 stars out of five stars	can't view credit card information!
1331	Rated 1 stars out of five stars	The images are not appearing when I click on an item. Also I need a way to clear all items currently in my bag.
1362	Rated 1 stars out of five stars	I just updated this app one month ago -why soooo many updates??
1375	Rated 1 stars out of five stars	was supposed to get 25% off first order through the app but it wouldnt complete transportation. Tried again and it would accept the 25% off or 10.00 Birthday macys card. Will delete app
1394	Rated 1 stars out of five stars	crashes every single time I try to buy or go into my credit card info.
1398	Rated 1 stars out of five stars	App not working properly. Unable to empty bag as needed
1400	Rated 1 stars out of five stars	very difficult to use
1404	Rated 2 stars out of five stars	Uses up battery unnecessarily. My phone keeps giving me alerts about this app draining my battery even when I'm not actively using it.
1419	Rated 1 stars out of five stars	I'm tryna update wat does it cost vfb ta update I installed now I cant get da latest news or new stuff dat I shud ta have ta betta my services from u WOW wat a load of cramps
1421	Rated 1 stars out of five stars	When o place orders on it I dont get my star reward points.
1423	Rated 2 stars out of five stars	won't let me order.
1427	Rated 2 stars out of five stars	each time I try to use app,it is unavailable
1430	Rated 1 stars out of five stars	cannot get into site. always technical difficulties!
1435	Rated 1 stars out of five stars	pasword reset is a nightmare since i installed the app never been able to get to my account from the app
1453	Rated 1 stars out of five stars	app always has an error because it's too big.
1457	Rated 1 stars out of five stars	updates required too often and unavailable items are allowed to be added to cart
1460	Rated 2 stars out of five stars	good place but some time chose something with price fixe and when you move in bag the price change that is no fair
1465	Rated 1 stars out of five stars	DID NOT WORK! Extra 25% did not work.
1470	Rated 1 stars out of five stars	very confusing when trying to pay the bill
1477	Rated 1 stars out of five stars	never works when I'm in the store on their wifi
1491	Rated 1 stars out of five stars	Did you folks switch software? Taking forever for an update...
1494	Rated 1 stars out of five stars	app crashes & closes on ck out
1501	Rated 1 stars out of five stars	Keeps shutting down
1509	Rated 1 stars out of five stars	impossible to check out unless you can type all information in within 30 seconds
1510	Rated 1 stars out of five stars	I can't download
1523	Rated 1 stars out of five stars	The store app to make purchase does not work!!!
1528	Rated 1 stars out of five stars	I could not put in the new app and erased data to do so
1543	Rated 1 stars out of five stars	Can not sign in because forgot password, can't get reset from tech support.
1544	Rated 1 stars out of five stars	The APP has stop working
1553	Rated 2 stars out of five stars	It continues to need updating, not very happy about that
1571	Rated 2 stars out of five stars	This app is a pain to navigate. I have to navigate through 3 different screens just to get to the payment center
1578	Rated 1 stars out of five stars	app doesn't work
1581	Rated 1 stars out of five stars	app keeps signing me out
1590	Rated 1 stars out of five stars	Can never get this app to open when i try to order
1595	Rated 1 stars out of five stars	This app keeps crashing. Not cool!
1600	Rated 1 stars out of five stars	promo code didn't work
1603	Rated 1 stars out of five stars	Not very user friendly to pay on your account â˜¹
1612	Rated 1 stars out of five stars	takes forever and gives the wrong thing.
1617	Rated 1 stars out of five stars	cant see anything since update please try to fix as soon as possible
1629	Rated 1 stars out of five stars	app doesn't allow for item pictures to show
1634	Rated 1 stars out of five stars	my experience with Macy's has been very good.
1640	Rated 1 stars out of five stars	It crashes for enabling fingerprints: Account ---> Macy's Credit card --> enable fingerprint
1641	Rated 1 stars out of five stars	Product images are missing, after the update.
1653	Rated 2 stars out of five stars	this app keeps crashing. can't get anything done
1662	Rated 1 stars out of five stars	since the March update, I'm unable to use it!
1679	Rated 1 stars out of five stars	your app is always down. Can't order or pay my bill. Nordstrom & Neiman's a lot better.4
1692	Rated 1 stars out of five stars	every week to update. That's rubbish.
1693	Rated 1 stars out of five stars	app closes and crashes
1705	Rated 1 stars out of five stars	it's a pit. clothes and trash on floor 8n active wear upstairs.
1707	Rated 2 stars out of five stars	Can never see the pictures in my shopping cart.
1730	Rated 1 stars out of five stars	Worked on day one, on day 2 it didn't, uninstalled.
1735	Rated 1 stars out of five stars	cant open app while in store for scan and pay.
1738	Rated 2 stars out of five stars	poor design if press back it takes you all the way back to main page
1743	Rated 1 stars out of five stars	ks kid s sh ssg ss Kelly DHS ssg sh sh ss Shahs had ssand ss legs ks sh did ju ks dsd king ad jack s shakes sd ks dssssuchk sinks stickss
1750	Rated 1 stars out of five stars	incapable chat Representatives and unable to manage cart with out error messages
1755	Rated 2 stars out of five stars	requires signing in every time I want to use the app and updates too frequent
1766	Rated 1 stars out of five stars	always shuts down. coupons never work
1769	Rated 1 stars out of five stars	last version has problems .. can not see pics in cart at checkout
1787	Rated 1 stars out of five stars	app not working thats why i gave them one star
1799	Rated 1 stars out of five stars	your updated app will not download!
1835	Rated 1 stars out of five stars	nothing happens on my cell phone. why?
1836	Rated 2 stars out of five stars	Too many notices, too intrusive!
1854	Rated 1 stars out of five stars	not working. cant see puc or even log on
1859	Rated 1 stars out of five stars	The update has ruined my shopping experience:(
1871	Rated 2 stars out of five stars	cant log in to manage credit cards
1881	Rated 1 stars out of five stars	credit card reader is wrong app has glitches
1894	Rated 2 stars out of five stars	This app doesn't work most of the time and it doesn't load pictures.
1895	Rated 1 stars out of five stars	mobile app is unstable - crashes frequently
1905	Rated 2 stars out of five stars	keeps closing on me. please fix.
1907	Rated 1 stars out of five stars	new update can't see anything
1922	Rated 1 stars out of five stars	they told me if I download Macy's app I get 25% on my next purchase but that was a lie
1927	Rated 2 stars out of five stars	Haven't used it yet . May I ?
1928	Rated 1 stars out of five stars	can't add store receipt to earn points
1943	Rated 1 stars out of five stars	pictures are still not showing
1948	Rated 1 stars out of five stars	app closes repeatedly, worsens with updates
1971	Rated 1 stars out of five stars	horrible if i could give it a 0 i would
1975	Rated 1 stars out of five stars	cannot view products from app
1985	Rated 2 stars out of five stars	terrible, couldn't get on it
1993	Rated 1 stars out of five stars	"I still have an account at Macys. that i plan to Cancel. Let me be clear my comments today are more about Macy's the management not the app. My response may be inappropriate for this forum but because of my poor health I'm limited in opportunities. In aug 2016 my husband passed away. I 20 years youn...
Full Review"
1994	Rated 1 stars out of five stars	"Ordering is bad. Macy's gives you a tracking number but. They have you download their app so you can shop through the store again . There is no track my package. Really pisses you off. First you buy something then to track package told to download Macy's store app to track package.But there's no tra...
Full Review"
2002	Rated 1 stars out of five stars	"I downloaded the app after hearing about a special offer (25% off your first in-app purchase). After entering my details I was greeted with a message claiming that I've already used the app before, and was not eligible for the discount. Strange considering I've never purchased anything from Macy's b...
Full Review"
2005	Rated 2 stars out of five stars	super slow. bill pay is horrible
2006	Rated 1 stars out of five stars	"If you're downloading this app with the intention of getting 25% off your first order, the list of exclusions is exhaustive; it includes just about everything. Check it before shopping. Don't bother calling customer service; they don't understand English and can only follow a script that doesn't nec...
Full Review"
2013	Rated 1 stars out of five stars	The app sucks, always closing
2023	Rated 2 stars out of five stars	app kept me from getting special sale items because it kept crashing on checkout
2028	Rated 2 stars out of five stars	"It's fine to use in order to pay my credit card & explore offerings; however, I found it lacking in functionality at the store. 1) App does not work with in-store Wifi, 2) On my last visit to the store, I wanted to confirm of there's a sales price for the item I had settled on. The app's scanner did...
Full Review"
2029	Rated 1 stars out of five stars	"Macys lures you by telling you'll get 25% off your 1st purchase after you download the app... thats pretty big lie. They tell your discount will be applied to your cart once you've made a selection. Well, I did exactly that. I made a selection, put it in my cart to then find out it dosent qualify......
Full Review"
2030	Rated 1 stars out of five stars	"orders not ""fufilled"" Ive placed my order 3 times to be picked up at different locations said not available. All stores never received my pruduct. 2email said they couldn't fulfill my order 2-3hr after i placed my order. the last time i called by phone to check if the product is in stock. They advis...
Full Review"
2041	Rated 1 stars out of five stars	Update every month?!?
2042	Rated 2 stars out of five stars	"I was so excited to order from this app since the Macy's closed near us. I ordered a size 6x girls nightgown a d a boys 2T for Christmas, which the girls ended up being out of stock. On the the 23rd, I received an email that they apologized for, it should have been to me on the 18th. They gave me th...
Full Review"
2046	Rated 1 stars out of five stars	Cant see any images post upgrade
2051	Rated 2 stars out of five stars	"Browsing is not well structured. Orders online are not linked to the app account: i can not see my already placed order on it nor i can track it from app although it has same email, phone number and credit card associated only wasn't ordered through the app. already called the customer services told...
Full Review"
2053	Rated 1 stars out of five stars	dont install they dont give the 25% off on the 1st order the promo is fake
2070	Rated 1 stars out of five stars	Balance and credit are easily accessible, but in the almost year I've had this app, I've yet to have access to statements or recent transactions...it keeps taking me to a blank page. :/
2087	Rated 1 stars out of five stars	"I have a Macy's credit card at 1st it was $2000 limit. So I purchased a mattress for the same amount. I pay the minimum for each month about $25. And each time I go under my limit to have a low payment. Macy's lowers my credit so I have to pay $78 a month until I go under limit. So I pay my minimum ...
Full Review"
2091	Rated 2 stars out of five stars	overall ok for the option to do price checks but inconsistent on the proper price. sometimes not accurate. hangs quite a bit. cant do the scan and pay at all. will hang as soon as i scan. force closes after that. needs work.
2094	Rated 1 stars out of five stars	"MINUS ZERO STAR. macy hired a group of undisciplined monkies to represent Macy's company and run as cust serv phone reps who have no integrity or professionalism and utterly incompetent of doing their real duties except did an awesome job at getting rid of macy's customers and decreasing the company...
Full Review"
2099	Rated 1 stars out of five stars	Not good. Cart can change, delivery and store can change. This is happening while logged in!! Items will be shown as not available ONLY after starting check out process. Come back and log in again, and your cart is cleared out or delivery methods changed. ugh!
2114	Rated 2 stars out of five stars	It freezes up constantly. I'm very disappointed with it.
2120	Rated 1 stars out of five stars	"The scan and pay feature did not work. It kept telling me I had to be in a Macy's store to use it while I was standing right in front of a checkout counter in a Macy's store. Even if it did work I don't see the point. You still have to take you're merchandice to the checkout counter before you leave...
Full Review"
2122	Rated 1 stars out of five stars	"Extremely buggy app. Constantly freezes when on a page and it refuses to reload and doesnt show items. Constantly shuts down. Impossible to buy anything since it shuts down and then my cart is cleared. I tried uninstalling and reinstalling the app twice, no luck. This is the only app on my phone tha...
Full Review"
2126	Rated 2 stars out of five stars	"The app used to work, but with the recent update, nothing loads. I just keep getting a button that says ""Unable to load. Tap to retry"". But no matter how many times I tap, or uninstall and reinstall the app, nothing works. The website itself has no issues, but the app has stopped being functional."
2127	Rated 1 stars out of five stars	the product they sale online is of poor quality .my Calvin Klein pocketbook is already coming apart. so I won't be needing your app. Thank you Debra Thomas
2133	Rated 1 stars out of five stars	I have tried for days to order online a pair of shoes. My address, order, and payment method are accepted; but the site just spins for an hour. Tried again today, but now the price is no longer the sale price.
2138	Rated 1 stars out of five stars	Horrible App. keep FREEZING UP!
2139	Rated 1 stars out of five stars	This app is poorly done.
2143	Rated 1 stars out of five stars	Cant log in. reseted my password and still cant log in
2144	Rated 1 stars out of five stars	it sucks, keep saying update
2148	Rated 1 stars out of five stars	Can't edit your review.
2150	Rated 1 stars out of five stars	"Constantly ""updating"" stupid app - always need a ""New Update"" before use. Macy's is GREAT!! Macy's app' SUCKS!! I don't want to download a ""New Update"" every time I try to use it (I might as well get an iPhone for such an iNconvenience). Device Huawei Mediapad X2 - 7-inch greatness."
2157	Rated 2 stars out of five stars	the scan and pay option is broken ðŸ™
2158	Rated 1 stars out of five stars	I downloaded the app to pay my bill and it was useless. Pretty much you can get a statement with account information from Macy's but have to show up to the store to pay it if your card hasn't come in. No help through the app, online or by calling... totally disappointed with Macy's
2164	Rated 1 stars out of five stars	I would for Macy's and use this app every single day. I gave it a one star because of login issues. I have changed my password multiple times using the reset function and I still cannot log in. A lot of customers at my store have the same problem.
2172	Rated 2 stars out of five stars	This app would be good if the purchases andcreturns were updated in real time. It seems to take several days to show them as well as post credits to an account. Therefore, you have to keep checking daily for account transaction updates.
2175	Rated 1 stars out of five stars	App is very confusing in terms of use. Very hard to find the exact products you want. Uninstalled the app after 10 minutes of using and went back to my Walmart app to order Products. And as usual got the Products exactly the way I wanted.
2179	Rated 1 stars out of five stars	it sucks !!! it just takes up more storage on my phone and keeps on updating, and continued to update requring more storage. i'm deleting this APP, right after I finish writing this survay.
2181	Rated 1 stars out of five stars	Was frustrated & disappointed when I had spent time loading 5 items in my cart & only got 25% off on 1 item. It states you'll receive an additional 25% off an order by installing the app. This was not the case & a waste of my time.
2183	Rated 1 stars out of five stars	"9 times out of ten if I try to order something with this app it gives me an inventory error message & doesnt complete the order. last night I put everything in the virtual cart called macys to have them push it thru so it didn't get deleted AGAIN. (3X TOTAL) however between my husband and myself we ...
Full Review"
2184	Rated 2 stars out of five stars	nothing good to shop no good deal
2193	Rated 1 stars out of five stars	I tried to create an account from the app and not only didn't it create the account the whole hour I waited for it to save, but it also drained my battery! HORRIBLE!!
2195	Rated 1 stars out of five stars	CHANGE IT BACK!!! The new updates will not let me see any category, item, or use the website on my phone because the app overrides it. Macy's is losing tons of money because I can't actually shop.
2201	Rated 1 stars out of five stars	"Multiple payments to Macy's Credit Cards will not process through the app. Connection errors and will not allow viewing or downloading of past statements. Balances on the cards increase whether you use them or not and the app refreshes when you attempt payments. The app does not even display all pas...
Full Review"
2203	Rated 1 stars out of five stars	it alright i cant get in app
2204	Rated 1 stars out of five stars	"I had an issue with my order I was promised 30%discount, person could not honor what I was promised so she gave me 20% discount and FREE expidiated shipping, went on Macy's website and I was charged the expidiated shipping so I called back and now they cannot honor that, last time I will shop Macy's...
Full Review"
2208	Rated 1 stars out of five stars	Hey macys. Please take some time and develop an app that is compatible with tablets. Is very uncomfortable to be forced to switch to portrait mode. In the end where is the Magic in that?.
2209	Rated 2 stars out of five stars	Very poor quality. Scrolling barely works, clicks are registered in the wrong places, and some links can't be clicked at all! The app is also extremely slow and full of an excessive amount of popups. I had to close about 5 popups before I could get to my Macy's card statement.
2211	Rated 1 stars out of five stars	Requiring a Macy's account to get initial app user savings keeps me from buying this way. I'm a loyal shopper, but I only use one credit card for all my shopping. Too bad, I lost the Macy's card in my divorce.
2214	Rated 1 stars out of five stars	This app is unreliable. I always get an email 2 hours later saying my order was canceled. I have to call their customer service to confirm the purchase. What a waste of time!
2218	Rated 1 stars out of five stars	Don't waste your time every order is canceled and you have to call customer service to verify your account, i put up with this BS for months and they couldn't give me a reason why ,they said they do it to everyone , no thanks you're not doing me any favors F off ! MACY'S
2226	Rated 1 stars out of five stars	does not connect to wifi signal
2234	Rated 2 stars out of five stars	Frequently have problems with valid password not being accepted. I make a new password and get into the site. Next time, same problem. Never have this happen with any other site
2241	Rated 1 stars out of five stars	App is not responsive and when I finished shopping and went to check out it said there was technical difficulties. I called the phone number and no one was available. I would avoid the app.
2246	Rated 1 stars out of five stars	filters dont work, very slow
2253	Rated 2 stars out of five stars	This app is kind of pointless if your dont have a amex/macys card because you wont be able to use the app to it's full extent like paying bills online. Makes no sense when they offer paperless statements when you cant add a regular card to view a statement or pay a bill.
2254	Rated 2 stars out of five stars	It used to be OK...until lately I have the hardest time placing an order...I used to buy at least twice a month but now its just impossible...I thought is was my phone but reading the reviews I have noticed I'm not the only one having problems...
2255	Rated 1 stars out of five stars	Latest comment: Whatever they did, now I am not be able to shop with the app at all. And my app is up to date. What a bummer during the holiday shopping time!
2263	Rated 1 stars out of five stars	crashes EVERY TIME I use it!!!
2274	Rated 1 stars out of five stars	Uninstalled it after finding out unable to place an order. Got all my items in cart and when ready to check out, can't put in my credit card security code, kept bouncing out of the page. Had to place the order via either my computer or browser on my phone. Please fix the problem!!!!
2285	Rated 2 stars out of five stars	Slow, doesn't open images when clicked on from list. Very frustrating when I would much rather shop online than in-store!
2288	Rated 2 stars out of five stars	Scanned some items in the store, added them to the cart and went to look at them a day later and they were gone and the Recent Scan list was empty. Buggy app.
2289	Rated 1 stars out of five stars	"Very unhappy with the app and Macy's! Can not access Macy's cash! Can see it but no bar code. Was at store-""no one can do anything about it"""
2292	Rated 2 stars out of five stars	images dont load within the app
2302	Rated 2 stars out of five stars	keeps closing when i try make purchases or pay my balance
2303	Rated 2 stars out of five stars	Locks up and takes way too long to do anything. I could drive the 15 miles to the store, shop, purchase and be home quicker than I can buy online
2309	Rated 1 stars out of five stars	My first online purchase with Macy's & opened an account or at least tried to. Got in touch with someone & she didn't help at all. I'm disabled & needed some dress shoes for my great nieces wedding soon. I WAS NOT A HAPPY PERSON AT ALL & WILL NEVER DO BUSINESS WITH THEM EVER. VERY RUDE.
2317	Rated 2 stars out of five stars	there's always something wrong... doesn't accept the correct password, down around pmt due date, or just can't access when needed.
2318	Rated 1 stars out of five stars	No 25% discount available, so I uninstalled the app, and will be purchasing my jeans at Nordstrom instead. Thanks for nothing.
2319	Rated 1 stars out of five stars	"This app is AWFUL to use. You would think that as large as Macy's is that they could invest in a user friendly shopping app. Just to browse for size M tops kept giving me errors. Browsing in heneraland sorting items by category is difficult. It's like the Kohl's app...... used it once to find some m...
Full Review"
2324	Rated 1 stars out of five stars	They promise you 25% off for your 1st app purchase but it doesn't work. They just want you to download the app. Dont fall for the trick.
2332	Rated 1 stars out of five stars	two of my orders been processed and in a min cancelled. i thougjt its my problem with a bank but nope. made same order with same cc from dillards and everything worked out great.
2339	Rated 1 stars out of five stars	Ordered from app which worked well. Had a return and a couple exchanges. Online site was unavailable and nothing on app to handle problem. Spent over an hour on phone straightening everything out. Not a user friendly process.
2343	Rated 2 stars out of five stars	It glitches alot it wont allow me to put my actual credit security number only the maycs one i can only use their card and it does the same in different areas it wont let me punch in numbers and its been doing it for about a year and yes i alwsys update the app
2344	Rated 2 stars out of five stars	I used to love using this app, but ever since a few months ago or so, I can never checkout my items without the app crashing. Do you not want my money? Lol
2347	Rated 2 stars out of five stars	"Fix your freaking app! There's always a ""We're experiencing technical difficulties"" error message, and I can't even log in!"
2358	Rated 1 stars out of five stars	so far pretty bad
2372	Rated 1 stars out of five stars	would not even give ir a 1 says 25% off if download go check out of course not Available on anything what a waste of time dont sign up for email that 1 doesnt either. can get 165 dollar dishes dor for 95 elsewhere and no hassle.
2375	Rated 1 stars out of five stars	I love Macy's and loved the old app but this new update is horrible! There's glitches and it makes it impossible to shop!!!
2387	Rated 1 stars out of five stars	absolutely satisfy tanks Macy's
2391	Rated 1 stars out of five stars	this is the worst app that I have every used. I have contact macys about the issue about a dozen time amd to this day it still dosent show the image when you go to view your purchase.
2392	Rated 2 stars out of five stars	Issues starting a return
2395	Rated 1 stars out of five stars	Not happy with this new app whoever I speak to is not happy either we need our old one back too much confusion a big waste of time
2399	Rated 1 stars out of five stars	sucks I click on the item I want to see and the picture doesn't show I thought it was just one time but no I refresh and click on another item and same thing..
2405	Rated 1 stars out of five stars	app never worked correctly. customer service. couldnt help and now I'm inundated with emails. thanks so much!
2419	Rated 2 stars out of five stars	Can't pay my credit card because the links within the app are invalid. Seriously, Macy's? Get it together.
2426	Rated 2 stars out of five stars	Its constantly freezing.
2429	Rated 2 stars out of five stars	Clothing sections are not uploading. I have to go online instead of using the app. What use is the app?
2435	Rated 2 stars out of five stars	The app seemed to go down on black Friday, every choice I would make would trigger a technical issue and not add to the cart.
2441	Rated 1 stars out of five stars	This app sucks!!! None of this stuff do you have in stores. I took the time to go check it out . It was a waist of time.
2457	Rated 1 stars out of five stars	can't get signed into the app
2462	Rated 1 stars out of five stars	For some reason I couldn't adding my macys card info and my cell number, I tried very thing but nothing changed so I couldn't make my payments.
2472	Rated 2 stars out of five stars	i used to love the app on the s7 edge. i just bought s10e which is better in all possible way but somehow macys images for item in list or cart no longer work. i reinstalled but no luck.
2473	Rated 1 stars out of five stars	its been crashing a LOT.
2487	Rated 1 stars out of five stars	every few days it needs to be updated. Doesn't keep me logged in. doesn't show the discountss I have.
2489	Rated 2 stars out of five stars	I always have a problem with what i want to look at and when I'm ready to check out it won't allow me to check out with my password even when I use your link to change my password....
2515	Rated 1 stars out of five stars	I use it love this app. But recently, there's an update every week!!!!! It's soo annoying. Very disappointing
2534	Rated 1 stars out of five stars	Take away the update
2540	Rated 1 stars out of five stars	Went to the app was redirected to the app store for an up date, did that and it still won't open
2560	Rated 2 stars out of five stars	There are less items on the Macy's app than on the Macy's webpage. This app is useless. Less selection with almost no discounts.
2565	Rated 1 stars out of five stars	Seems like we have to update your app more than any other app. It is really frustrating when you need to order something.
2572	Rated 2 stars out of five stars	Macy's app always slow
2578	Rated 1 stars out of five stars	I get 1 page of search results even though there are hundreds of items after filtering. App is clunky.
2579	Rated 2 stars out of five stars	app crashes instantly when tapping the Shop & Pay icon. Unlike other store apps, there is no other way to use the app to pay.
2601	Rated 1 stars out of five stars	I can't even get into my existing account to access this thing. It keeps saying my password is wrong and won't even allow for a reset.
2608	Rated 1 stars out of five stars	Downloaded for the 25% off promotion. It wouldn't apply to my order. Deleting now. Not reinstalling.
2621	Rated 1 stars out of five stars	They offer 25% off if you down load the app. No discount offered once you do. Scam!
2623	Rated 1 stars out of five stars	"Really? The update was to ""Get Fashion Advice"" when the app crashes constantly on account selection buttons. Fix the app 1st!"
2624	Rated 1 stars out of five stars	not satisfied with app
2627	Rated 2 stars out of five stars	I am unable to purchase via the app when the pop up sales happen the confirming ship blocks my ability to complete the order.
2629	Rated 1 stars out of five stars	w ont let me sign in
2630	Rated 2 stars out of five stars	This app doesn't show your input. And you can't access help with ease.eve. this form is below my keyboard.
2658	Rated 1 stars out of five stars	I hate that in order to use all apps you have to update them. Can't we choose if we want to!
2664	Rated 1 stars out of five stars	app won't open
2666	Rated 1 stars out of five stars	Constant updates! Seems like every time I open the app, it asks me to update.
2667	Rated 1 stars out of five stars	This is a hard way to try to buy. anything. I undrained app.. A joke.
2673	Rated 2 stars out of five stars	this app sucks!!!! it keeps asking for updates everyday..this is ridiculous! FIX UOUR SPP PLEASE
2686	Rated 1 stars out of five stars	its very slow
2688	Rated 2 stars out of five stars	I used to like Macy but recently I can not see the images of the items when I click on it.
2691	Rated 2 stars out of five stars	The app has so many glitches. It's easier to use the website to make purchases and browse.
2707	Rated 1 stars out of five stars	hate it! i don't want stuff from Macy's popping up on my phone Everytime i open it. annoying! that's why i uninstalled it.
2726	Rated 1 stars out of five stars	Is there an issue with play store or the app? It will not download. Love the app but it is an issue.
2736	Rated 2 stars out of five stars	Too frequent required update, which means bad app design. Otherwise, good.
2738	Rated 1 stars out of five stars	I cannot open this app since the new update. I do most of my purchases this way.
2744	Rated 1 stars out of five stars	terrible app - i couldnt even search for what i was looking for. no filters.
2745	Rated 2 stars out of five stars	I really dont like this app anymore since the update, when item states more colors you cant see them and it's so irritating PLEASE GO BACK TO THE OTHER VERSION
2747	Rated 1 stars out of five stars	Did not work.
2752	Rated 2 stars out of five stars	"Always have problem whenever I open the app; require update and "" your service is run out of time"" =="""
2754	Rated 1 stars out of five stars	use app gets 25% off. however it charged different than store and it ended up paying more than store.
2764	Rated 2 stars out of five stars	Glitchy and all of my search history is all over my game apps. I don't like it.
2767	Rated 1 stars out of five stars	In store experience doesn't work. I was unable to use my credit card (even though it swiped in store just fine)
2768	Rated 1 stars out of five stars	Offer coupon to try app, then automatically excludes every single item. Bait and switch, uninstalled immediately.
2771	Rated 1 stars out of five stars	I only downloaded for the promotion of 25% off but of course it did not apply to my purchase.
2779	Rated 1 stars out of five stars	Doesn't load my searches. The app is useless if you can't actually browse.
2784	Rated 1 stars out of five stars	Unable to load various pages, makes for a BAD shopping experience. Ended up ordering elsewhere.
2785	Rated 1 stars out of five stars	some times size variety
2788	Rated 1 stars out of five stars	app doesn't work when you order online. that's not good when you want to shop for Christmas gifts on line
2790	Rated 1 stars out of five stars	you can't even use the coupons , they exclude basically the whole store , wtf , very deciteful store.
2793	Rated 1 stars out of five stars	App is crashing
2810	Rated 2 stars out of five stars	freezes too much
2833	Rated 1 stars out of five stars	"ive tried to download this for 4 weeks straight and its always ""download pending""????? wth?"
2834	Rated 1 stars out of five stars	bag not displaying items
2840	Rated 1 stars out of five stars	I wanted a coat when I clicked on it my size was not available you website should this was frustrating it was not available at the store eirher
2849	Rated 1 stars out of five stars	It would let me shop, certain things I couldn't shop for and it's the only things I really want to shop for ðŸ˜¡
2852	Rated 1 stars out of five stars	thing won't let me browse through Google and it is taking forever to update.
2856	Rated 1 stars out of five stars	what's the point of scanning bar codes when it takes you to a page that says check in store
2867	Rated 2 stars out of five stars	It never works. Half the time won't load pages or products. Very frustrating.
2884	Rated 1 stars out of five stars	Forced to update only after 1 week of having the app. Not the best experience using the app.ðŸ˜¯
2885	Rated 1 stars out of five stars	I can't log in to pay my bill via app, can't see order history....app is awful now.
2891	Rated 1 stars out of five stars	This app hardly works its always something for months it was a error now it won't completely update n I have items in my bag I'll probably have to reshop
2894	Rated 2 stars out of five stars	App is clunky and buggy, asking for shipping address repeatedly, dispute my address being in my profile.
2923	Rated 1 stars out of five stars	Misleading since you don't get to choose what you get to use the 25% off of.
2927	Rated 1 stars out of five stars	keeps telling me the app is not supported anymore. what gives?
2934	Rated 1 stars out of five stars	very slow. creates blank pages. kicks out of the app.
2937	Rated 1 stars out of five stars	I hate all the advertisements and the other advertisements that are hooked to Macy's as well I want out
2938	Rated 2 stars out of five stars	It won't let me shop online. You are missing my money lol
2940	Rated 1 stars out of five stars	Junk you cant track anything you cant click on item that you purchased and browse to it. Uninstalled it after 1 hour.
2967	Rated 1 stars out of five stars	You thought you were being sneaky adding pop-ups to my phone, huh.
2994	Rated 1 stars out of five stars	Offered a discount for downloading app then wouldn't let me use it.
2995	Rated 1 stars out of five stars	your app won't do for me. all other apps are do. just not Macy's
2998	Rated 1 stars out of five stars	Every month there is an update. What is the use in having this app? I can just go online
3000	Rated 2 stars out of five stars	This app never loads my credit card statments. I always have to call to pay my bill.
3004	Rated 1 stars out of five stars	the app after the update doens't work on my phone, i need help.
3005	Rated 1 stars out of five stars	Couldn't sign in...kept having to reset my password and still didnt work!!
3006	Rated 1 stars out of five stars	Would not let me update. Locked up on uninstall. No issues with other shopping apps
3008	Rated 1 stars out of five stars	doesn't update , been trying to update over a week still installing
3020	Rated 2 stars out of five stars	App never works. Its not a sometimes glitch, its all the time
3021	Rated 2 stars out of five stars	Keep having to update file whenever it is time to use.
3027	Rated 1 stars out of five stars	was not able to create a new password...very frustrating.
3035	Rated 1 stars out of five stars	Crashing on Android.
3038	Rated 1 stars out of five stars	I can't see any pictures, that's the point of a shipping app but I can't even use it.
3044	Rated 2 stars out of five stars	I been trying to buy something and it doesn't let me do it very disappointing
3048	Rated 2 stars out of five stars	App doesn't allowing you to see savings until checking out, plus 20% in store pick up not applied
3063	Rated 1 stars out of five stars	I am trying to install the updated app but it won't let me.
3069	Rated 1 stars out of five stars	Fergie doesnt come to visit so i unfriended her on Facebook aka Fakebook, Fraudbook again!
3087	Rated 1 stars out of five stars	Couldn't get signed into my account so I deleted the app
3090	Rated 2 stars out of five stars	Having problems at the check out. Does not let to fix the email address
3105	Rated 1 stars out of five stars	I just downloaded it a couple days ago and I already have to update it. Who has time for that.
3114	Rated 2 stars out of five stars	Doesn't check me in the store and doesn't connect to Google Pay.
3119	Rated 1 stars out of five stars	App didn't launch and I don't have time for it.
3137	Rated 1 stars out of five stars	Awful app. Have to close and reopen it to work sometimes.
3138	Rated 1 stars out of five stars	Had to uninstall due to latest update which made the app useless.
3143	Rated 1 stars out of five stars	I can only view shoes and men's clothes on the app
3147	Rated 2 stars out of five stars	I always have trouble with it loading no matter where I am..
3151	Rated 1 stars out of five stars	When I tried to purchase something using my giftcard it would not allow me to
3153	Rated 1 stars out of five stars	I shop on line with Macys all the time and now Icant get Macys app to download.
3160	Rated 1 stars out of five stars	Don't let me see my statement or make a payment, very upset
3171	Rated 1 stars out of five stars	Ever since the update I can't view any categories
3190	Rated 1 stars out of five stars	This app consistently freezes. Too often requires upgrades to fix.
3193	Rated 2 stars out of five stars	it's all right if you want to trying to get merchandise
3226	Rated 1 stars out of five stars	Cant put in card info, it doesn't show that I put it in
3227	Rated 2 stars out of five stars	I don't think your app work well with a phone.
3229	Rated 1 stars out of five stars	Basically sucks. Crashes, when it works it is super slow and links redirect to wring location
3232	Rated 1 stars out of five stars	it doesn't work correctly. and at Christmas time even
3234	Rated 1 stars out of five stars	seams like the macys app has to update its version every month.
3253	Rated 2 stars out of five stars	It updates too often making it cumbersome to use.
3256	Rated 2 stars out of five stars	Sometimes I can not check out on this app.
3279	Rated 1 stars out of five stars	i can't even download the app,
3299	Rated 1 stars out of five stars	I have tried several times to download the new app.
3315	Rated 2 stars out of five stars	old fashioned, stale bread, show biz old material MACY'S
3327	Rated 1 stars out of five stars	kept getting a message wrong info. even changed my password
3340	Rated 1 stars out of five stars	Won't accept my valid card as payment.
3364	Rated 2 stars out of five stars	The app has had an loading error for months !!
3393	Rated 1 stars out of five stars	macys app put ads on my phone! do not install thus app!
3398	Rated 1 stars out of five stars	app is not showing images of products.
3412	Rated 1 stars out of five stars	I can't get into my shopping cart.....ðŸ˜£
3419	Rated 1 stars out of five stars	this app only works 10%of the time
3423	Rated 1 stars out of five stars	Can not see product for top and bottom information
3424	Rated 1 stars out of five stars	The app is difficult to navigate through
3429	Rated 1 stars out of five stars	it hasn't worked since new year
3434	Rated 2 stars out of five stars	Slow. Not enough search options.
3451	Rated 1 stars out of five stars	Takes you thru too many changes just to get information about your purchase! ðŸ˜¡
3455	Rated 1 stars out of five stars	Slow slow slow. why so slow?
3461	Rated 1 stars out of five stars	Haven't been able to access it for weeks.
3468	Rated 1 stars out of five stars	since update on my phone app not acting right
3470	Rated 1 stars out of five stars	Unable to enter in security code
3483	Rated 1 stars out of five stars	I was not able to use my discount and that was my reason for downloading.
3497	Rated 2 stars out of five stars	downloaded app for discount and did not get
3503	Rated 2 stars out of five stars	App stops loading results after 20 or so.
3504	Rated 1 stars out of five stars	Paying and submitting orders are constantly a problem
3507	Rated 2 stars out of five stars	Has features, but dont work well.
3512	Rated 2 stars out of five stars	I should have star rewards but nothing is loading
3542	Rated 1 stars out of five stars	Doesn't work for Samsung galaxy tablet
3544	Rated 1 stars out of five stars	app wont download on my phone
3549	Rated 2 stars out of five stars	Every week or so has to be updated ....
3550	Rated 1 stars out of five stars	Can not update. Not downloading
3555	Rated 1 stars out of five stars	not working giving a network error msg.
3560	Rated 1 stars out of five stars	Updates have ruined what used t be a great app
3568	Rated 1 stars out of five stars	it would not let me long in
3594	Rated 2 stars out of five stars	can't find what I am looking for
3607	Rated 1 stars out of five stars	wouldn't open on Galaxy phone!
3614	Rated 2 stars out of five stars	App keeps stopping while in uses!
3618	Rated 1 stars out of five stars	Didn't get 25% off as stated
3629	Rated 2 stars out of five stars	App will not filter items.
3637	Rated 1 stars out of five stars	Kept crashing. Too much hassle
3640	Rated 2 stars out of five stars	Every month the app needs updating
3643	Rated 2 stars out of five stars	terrible always on the app
3648	Rated 2 stars out of five stars	Not able to edit QTY in cart
3652	Rated 1 stars out of five stars	No 25% off to get app on cologne
3653	Rated 2 stars out of five stars	Cr@p App isn't user friendly at all
3667	Rated 1 stars out of five stars	This app sucks I can't even pay my bill now!
3670	Rated 1 stars out of five stars	Won't download after update
3671	Rated 1 stars out of five stars	Even less useful than their parades
3683	Rated 1 stars out of five stars	Pick up in store keeps saying error
3686	Rated 1 stars out of five stars	The app never is able to load
3687	Rated 1 stars out of five stars	It just keeps saying download pending
3696	Rated 2 stars out of five stars	just installed this updated version
3698	Rated 1 stars out of five stars	no image really slow.
3703	Rated 1 stars out of five stars	because it's too far away
3704	Rated 2 stars out of five stars	Doesn't seem to work very often.
3710	Rated 1 stars out of five stars	cannot get ad off an unrelated app - BAD
3715	Rated 1 stars out of five stars	Cant download new updated app.
3725	Rated 2 stars out of five stars	Always crashing and logging me out
3734	Rated 1 stars out of five stars	Couldn't place order.
3746	Rated 1 stars out of five stars	hard time changing my password
3760	Rated 1 stars out of five stars	Just a terrible app.
3775	Rated 1 stars out of five stars	very good condition
3785	Rated 1 stars out of five stars	I wanted to get uggs but Macy's is too expensiveðŸ˜­ðŸ˜£ðŸ˜£
3789	Rated 1 stars out of five stars	poor. doesnt download
3800	Rated 2 stars out of five stars	app is hanging a lot
3820	Rated 1 stars out of five stars	no white wedding dresses
3826	Rated 1 stars out of five stars	Its to difficult. Needs changes
3830	Rated 1 stars out of five stars	Doesn't load the page.
3843	Rated 1 stars out of five stars	It's horrible
3845	Rated 2 stars out of five stars	Can't get my cvv number in
3851	Rated 1 stars out of five stars	not enough time
3852	Rated 1 stars out of five stars	Does not work, it sucks.
3872	Rated 1 stars out of five stars	Won't let me shop.
3877	Rated 1 stars out of five stars	can't see any pics
3928	Rated 1 stars out of five stars	worst delivery service
3959	Rated 1 stars out of five stars	IT NEVER LOADS!! ðŸ‘ŠðŸ‘ŠðŸ‘ŠðŸ˜²ðŸ–•
3964	Rated 1 stars out of five stars	Doesnt load properly
3967	Rated 1 stars out of five stars	I'ts not for me
3970	Rated 1 stars out of five stars	Is dodo like your fortnite skills boi
3998	Rated 2 stars out of five stars	ENOUGH WITH THE UPDATES
4002	Rated 1 stars out of five stars	doesn't work
4013	Rated 2 stars out of five stars	Redesign the app
4031	Rated 2 stars out of five stars	Love it thank you
4064	Rated 1 stars out of five stars	No good at all
4092	Rated 1 stars out of five stars	App updates too often
4115	Rated 1 stars out of five stars	Cant get it updated
4248	Rated 1 stars out of five stars	"Terrible app. terrible customer service. 25% first time app offer is a lie. Its there when you checkout but its greyed out under the category ""Unapplicable to this order"". Immediately uninstalled"
4250	Rated 1 stars out of five stars	"worked sometimes price checking items is the store on my Verizon Samsung Galaxy s7 a couple of years ago. it was hit and miss and unreliable. June 2019 installed it on Verizon Samsung Galaxy S10+ and the scanner does not work at all with the little circle going round and round. At Macy's with all sa...
Full Review"
4252	Rated 1 stars out of five stars	they said they'll give me 25% off my purchase after downloading the app and they didn't. false advertisement. They suck!
4254	Rated 1 stars out of five stars	NO 25% OFF FOR 1ST APP PURCHASE. WILL UNINSTALL IMMEDIATELY. HATE TO BE MANIPULATED!
4255	Rated 1 stars out of five stars	"The app has always been glitchy, but now it just crashes upon attempted opening. Their mobile website is garbage too. Ultimately, I am grateful for the poor execution of technology. Not being able to check out my cart during sales on a few occasions has saved me hundreds, if not thousands, of dollar...
Full Review"
4256	Rated 2 stars out of five stars	Embarrassingly bad app. Guessing that it was created by someone's idiot brother-in-law. Clunky and annoying to use. The filter activities are egregiously horrific, in particular.
4257	Rated 2 stars out of five stars	lot problems with the app. mostly is not responding or wait o close the app and starting again... my wifi speed is the best
4258	Rated 1 stars out of five stars	06/14/2019 after last update, app crashes whenever I try to open Macys credit card info
4260	Rated 1 stars out of five stars	have not use the app as yet so I can't answer the questions the question should come after the app has been used how can you rate some thing you have not used
4266	Rated 2 stars out of five stars	When I can I enjoy going to Macy's store I enjoy because everythings they sell is Amazing. My friends ask me where I buy or have bought my clothes and I recommended this store.
4268	Rated 2 stars out of five stars	Doesn't fit well on android tablet. Photos are distorted.
4275	Rated 1 stars out of five stars	It used to be great but it hasn't worked for weeks. I have uninstalled and reinstalled to no avail.
4278	Rated 1 stars out of five stars	Price scanner is no longer functional. which is really kind of the whole point
4282	Rated 2 stars out of five stars	Some photos claim to be loaded, but never show up. Internet connection is full strength.
4586	Rated 1 stars out of five stars	I've been trying to update my account for days so I can track my orders. Everytime it starts installing I get an error. This needs to be fixed immediately!w
4592	Rated 1 stars out of five stars	Your app is not working right sense the last 2 updates !!!! App keepes saying network is off line !!! Than says opps we don't know what happened !!!! My phone is fine your app is broken !!! Either fix it or find someone who knows how to do the job right!!!
4596	Rated 1 stars out of five stars	this app gives me too many problems. it kicks me off all the time
4600	Rated 1 stars out of five stars	Update doesn't work and then blocks app from operating.
4616	Rated 1 stars out of five stars	just did an up date May 30.
4619	Rated 1 stars out of five stars	worst customer service
4652	Rated 1 stars out of five stars	Terrible.
4815	Rated 2 stars out of five stars	its nice
4830	Rated 1 stars out of five stars	stressful
4831	Rated 1 stars out of five stars	terrible
4962	Rated 1 stars out of five stars	nice
4970	Rated 1 stars out of five stars	Infinite scroll never works. I can never see all my options and just give up.
4973	Rated 1 stars out of five stars	lousy app
